Package,Built
acepack,3.5.0
ada,3.5.0
additivityTests,3.5.0
akima,3.5.0
amap,3.5.0
arules,3.5.0
arulesViz,3.5.0
assertthat,3.5.0
backports,3.5.0
base64enc,3.5.0
BH,3.5.0
biclust,3.5.0
bindr,3.5.0
bindrcpp,3.5.0
bit,3.5.0
bit64,3.5.0
bitops,3.5.0
blob,3.5.0
broom,3.5.1
cairoDevice,3.5.0
callr,3.5.0
caret,3.5.0
caTools,3.5.0
cba,3.5.0
cellranger,3.5.0
checkmate,3.5.0
chron,3.5.0
CircStats,3.5.0
cli,3.5.0
clipr,3.5.0
clisymbols,3.5.0
clv,3.5.0
coin,3.5.0
colorspace,3.5.0
corrplot,3.5.0
crayon,3.5.0
crosstalk,3.5.0
curl,3.5.0
CVXR,3.5.0
data.table,3.5.0
DBI,3.5.0
dbplyr,3.5.0
dendextend,3.5.0
DEoptimR,3.5.0
desc,3.5.0
descr,3.5.0
devtools,3.5.1
dichromat,3.5.0
digest,3.5.0
diptest,3.5.0
doBy,3.5.0
dotCall64,3.5.0
dplyr,3.5.0
DT,3.5.0
dtw,3.5.0
e1071,3.5.0
ECOSolveR,3.5.0
ellipse,3.5.0
evaluate,3.5.0
fansi,3.5.0
fBasics,3.5.0
fields,3.5.0
flexclust,3.5.0
flexmix,3.5.0
forcats,3.5.0
foreach,3.5.0
formatR,3.5.1
Formula,3.5.0
fpc,3.5.0
fs,3.5.0
gbm,3.5.0
gclus,3.5.0
gdata,3.5.0
generics,3.5.0
ggdendro,3.5.0
ggplot2,3.5.0
ggraptR,3.5.0
gh,3.5.0
git2r,3.5.0
glue,3.5.1
gmp,3.5.0
gower,3.5.0
gplots,3.5.0
gridBase,3.5.0
gridExtra,3.5.0
gss,3.5.0
gsubfn,3.5.0
gtable,3.5.0
gtools,3.5.0
gWidgets,3.5.0
h2o,3.5.0
haven,3.5.0
hexbin,3.5.0
highr,3.5.0
hmeasure,3.5.0
Hmisc,3.5.0
hms,3.5.0
htmlTable,3.5.0
htmltools,3.5.0
htmlwidgets,3.5.0
httpuv,3.5.0
httr,3.5.0
igraph,3.5.0
ini,3.5.0
ipred,3.5.0
ISLR,3.5.0
iterators,3.5.0
jomo,3.5.0
jsonlite,3.5.0
kernlab,3.5.0
knitr,3.5.0
labeling,3.5.0
later,3.5.0
latticeExtra,3.5.0
lava,3.5.0
lazyeval,3.5.0
lme4,3.5.0
lmtest,3.5.0
lubridate,3.5.0
magrittr,3.5.0
manipulateWidget,3.5.0
maps,3.5.0
markdown,3.5.0
mclust,3.5.0
memoise,3.5.0
mice,3.5.0
mime,3.5.0
miniUI,3.5.0
minqa,3.5.0
misc3d,3.5.0
mitml,3.5.0
mnormt,3.5.0
ModelMetrics,3.5.0
modelr,3.5.0
modeltools,3.5.0
multcomp,3.5.0
munsell,3.5.0
mvtnorm,3.5.0
nloptr,3.5.0
NLP,3.5.0
nnls,3.5.0
numDeriv,3.5.0
openssl,3.5.0
ordinal,3.5.0
packrat,3.5.1
pacman,3.5.0
pan,3.5.0
pander,3.5.0
party,3.5.0
pillar,3.5.0
pkgbuild,3.5.0
pkgconfig,3.5.0
pkgload,3.5.0
PKI,3.5.0
plogr,3.5.0
plot3D,3.5.0
plotly,3.5.1
plyr,3.5.0
pmml,3.5.0
prabclus,3.5.0
praise,3.5.0
prettyunits,3.5.0
processx,3.5.0
prodlim,3.5.0
promises,3.5.0
proto,3.5.0
proxy,3.5.0
ps,3.5.0
psych,3.5.0
purrr,3.5.0
qap,3.5.0
R.methodsS3,3.5.0
R.oo,3.5.0
R.utils,3.5.0
R6,3.5.0
randomForest,3.5.0
rattle,3.5.0
rattle.data,3.5.0
rcmdcheck,3.5.0
RColorBrewer,3.5.0
Rcpp,3.5.0
RcppEigen,3.5.0
RcppRoll,3.5.0
RCurl,3.5.0
readr,3.5.0
readxl,3.5.0
recipes,3.5.0
registry,3.5.0
rematch,3.5.0
remotes,3.5.0
reprex,3.5.0
reshape,3.5.0
reshape2,3.5.0
reticulate,3.5.0
rgl,3.5.0
RGtk2,3.5.0
RJSONIO,3.5.0
rlang,3.5.0
rmarkdown,3.5.1
Rmpfr,3.5.0
robustbase,3.5.0
ROCR,3.5.0
RODBC,3.5.0
rpart.plot,3.5.0
rprojroot,3.5.1
rsconnect,3.5.0
RSQLite,3.5.0
rstudioapi,3.5.0
rvest,3.5.0
sandwich,3.5.0
scales,3.5.0
scatterplot3d,3.5.0
scs,3.5.0
selectr,3.5.0
seriation,3.5.0
sessioninfo,3.5.0
shiny,3.5.0
skimr,3.5.0
slam,3.5.0
SnowballC,3.5.0
sourcetools,3.5.0
sp,3.5.0
spam,3.5.0
sqldf,3.5.0
SQUAREM,3.5.0
stabledist,3.5.0
stringi,3.5.0
stringr,3.5.0
strucchange,3.5.0
swirl,3.5.0
testthat,3.5.0
TH.data,3.5.0
tibble,3.5.0
tidyr,3.5.0
tidyselect,3.5.0
tidyverse,3.5.0
timeDate,3.5.0
timeSeries,3.5.0
tinytex,3.5.0
tm,3.5.0
trimcluster,3.5.0
TSP,3.5.0
ucminf,3.5.0
usethis,3.5.0
utf8,3.5.0
vcd,3.5.0
verification,3.5.0
viridis,3.5.0
viridisLite,3.5.0
visNetwork,3.5.0
webshot,3.5.0
whisker,3.5.0
withr,3.5.0
wskm,3.5.0
xfun,3.5.0
xgboost,3.5.0
XML,3.5.0
xml2,3.5.0
xopen,3.5.0
xtable,3.5.0
yaml,3.5.0
zoo,3.5.0
